{
  "dataset_revision": "34dda81eca082ba6b3a259899fe9ae435b6ea1ae",
  "mteb_dataset_name": "InstructSTSBenchmark",
  "mteb_version": "1.1.2.dev0",
  "test": {
    "cos_sim": {
      "pearson": 0.31797290101071574,
      "spearman": 0.3121404231918386
    },
    "euclidean": {
      "pearson": 0.32985836003093155,
      "spearman": 0.30397642078626097
    },
    "evaluation_time": 0.15,
    "manhattan": {
      "pearson": 0.3299140087229952,
      "spearman": 0.3040525417780723
    }
  }
}