{
  "dataset_revision": "34dda81eca082ba6b3a259899fe9ae435b6ea1ae",
  "mteb_dataset_name": "InstructSTSBenchmark",
  "mteb_version": "1.1.2.dev0",
  "test": {
    "cos_sim": {
      "pearson": 0.11348299549652252,
      "spearman": 0.11290741123487086
    },
    "euclidean": {
      "pearson": 0.11645264998632229,
      "spearman": 0.11852989746702056
    },
    "evaluation_time": 26.67,
    "manhattan": {
      "pearson": 0.11487018851234074,
      "spearman": 0.1161790734000874
    }
  }
}