{
  "dataset_revision": "34dda81eca082ba6b3a259899fe9ae435b6ea1ae",
  "mteb_dataset_name": "InstructSTSBenchmark",
  "mteb_version": "1.1.2.dev0",
  "test": {
    "cos_sim": {
      "pearson": 0.05682248737575624,
      "spearman": 0.022547326602096768
    },
    "euclidean": {
      "pearson": 0.036796016495015,
      "spearman": 0.018717787674354856
    },
    "evaluation_time": 0.14,
    "manhattan": {
      "pearson": 0.038660918995039074,
      "spearman": 0.020505725544711223
    }
  }
}