{
  "dataset_revision": "34dda81eca082ba6b3a259899fe9ae435b6ea1ae",
  "mteb_dataset_name": "InstructSTSBenchmark",
  "mteb_version": "1.1.2.dev0",
  "test": {
    "cos_sim": {
      "pearson": 0.10106641786769072,
      "spearman": 0.08244051287230465
    },
    "euclidean": {
      "pearson": 0.09452514197658923,
      "spearman": 0.0828430947678698
    },
    "evaluation_time": 7.23,
    "manhattan": {
      "pearson": 0.09438881004599475,
      "spearman": 0.08282761084336851
    }
  }
}