{
  "dataset_revision": "34dda81eca082ba6b3a259899fe9ae435b6ea1ae",
  "mteb_dataset_name": "InstructSTSBenchmark",
  "mteb_version": "1.1.2.dev0",
  "test": {
    "cos_sim": {
      "pearson": 0.20061192313883225,
      "spearman": 0.26692692013720415
    },
    "euclidean": {
      "pearson": 0.2990334262079258,
      "spearman": 0.34903817069883386
    },
    "evaluation_time": 0.16,
    "manhattan": {
      "pearson": 0.36720598141684646,
      "spearman": 0.3742459997869555
    }
  }
}