{
  "dataset_revision": "34dda81eca082ba6b3a259899fe9ae435b6ea1ae",
  "mteb_dataset_name": "InstructSTSBenchmark",
  "mteb_version": "1.1.2.dev0",
  "test": {
    "cos_sim": {
      "pearson": 0.13166029612635208,
      "spearman": 0.12831755939002085
    },
    "euclidean": {
      "pearson": 0.12964602800944586,
      "spearman": 0.12846420126323907
    },
    "evaluation_time": 0.16,
    "manhattan": {
      "pearson": 0.13027119299636267,
      "spearman": 0.13013008937576165
    }
  }
}