{
  "dataset_revision": "34dda81eca082ba6b3a259899fe9ae435b6ea1ae",
  "mteb_dataset_name": "InstructSTSBenchmark",
  "mteb_version": "1.1.2.dev0",
  "test": {
    "cos_sim": {
      "pearson": -0.050444702948551454,
      "spearman": -0.052945003216042896
    },
    "euclidean": {
      "pearson": -0.053242304248215466,
      "spearman": -0.05486455401310314
    },
    "evaluation_time": 0.14,
    "manhattan": {
      "pearson": -0.05370395551866604,
      "spearman": -0.05550258279240259
    }
  }
}