{
  "dataset_revision": "34dda81eca082ba6b3a259899fe9ae435b6ea1ae",
  "mteb_dataset_name": "InstructSTSBenchmark",
  "mteb_version": "1.1.2.dev0",
  "test": {
    "cos_sim": {
      "pearson": 0.06536423692294788,
      "spearman": 0.056056287810204095
    },
    "euclidean": {
      "pearson": 0.06303154425383023,
      "spearman": 0.05364824323922012
    },
    "evaluation_time": 0.15,
    "manhattan": {
      "pearson": 0.06336182868557347,
      "spearman": 0.0541436376085348
    }
  }
}