{
  "dataset_revision": "34dda81eca082ba6b3a259899fe9ae435b6ea1ae",
  "mteb_dataset_name": "InstructSTSBenchmark",
  "mteb_version": "1.1.2.dev0",
  "test": {
    "cos_sim": {
      "pearson": 0.16980368519289732,
      "spearman": 0.16766236373588053
    },
    "euclidean": {
      "pearson": 0.18204035284649486,
      "spearman": 0.18236374032109345
    },
    "evaluation_time": 0.13,
    "manhattan": {
      "pearson": 0.18230655908107107,
      "spearman": 0.18246524546260062
    }
  }
}