{
  "dataset_revision": "34dda81eca082ba6b3a259899fe9ae435b6ea1ae",
  "mteb_dataset_name": "InstructSTSBenchmark",
  "mteb_version": "1.1.2.dev0",
  "test": {
    "cos_sim": {
      "pearson": 0.026562008187746497,
      "spearman": -0.006863021850058944
    },
    "euclidean": {
      "pearson": 0.005529620461324845,
      "spearman": -0.011099696819713654
    },
    "evaluation_time": 0.15,
    "manhattan": {
      "pearson": 0.007585261027248314,
      "spearman": -0.009339994342430581
    }
  }
}