{
  "dataset_revision": "34dda81eca082ba6b3a259899fe9ae435b6ea1ae",
  "mteb_dataset_name": "InstructSTSBenchmark",
  "mteb_version": "1.1.2.dev0",
  "test": {
    "cos_sim": {
      "pearson": 0.16529614964093153,
      "spearman": 0.2547989084453526
    },
    "euclidean": {
      "pearson": 0.24285672391255286,
      "spearman": 0.3247630203571435
    },
    "evaluation_time": 0.17,
    "manhattan": {
      "pearson": 0.32063011184806944,
      "spearman": 0.34695968153930595
    }
  }
}